,query,region,title,excerpt,date,source,link
0,semiconductor,china,Lagging but motivated: The state of China's semiconductor ...,"Every year, China imports more than $300 billion of semiconductors, and 
most, though not all, major American semiconductor companies pull in at ...",7 Jan 2021,Brookings Institution,https://www.brookings.edu/techstream/lagging-but-motivated-the-state-of-chinas-semiconductor-industry/
1,semiconductor,china,The World Is Dangerously Dependent on Taiwan for ...,"As China pushes the world to avoid official dealings with Taiwan, ... 
That's mostly down to Taiwan Semiconductor Manufacturing Co., ...",25 Jan 2021,Bloomberg.com,https://www.bloomberg.com/news/features/2021-01-25/the-world-is-dangerously-dependent-on-taiwan-for-semiconductors
2,semiconductor,china,"China made more chips in 2020, but also imported more","China's semiconductor industry will continue to grow in 2021, Lee said, as 
the country expands capacity for its chip fabrication plants.",19 Jan 2021,South China Morning Post,https://www.scmp.com/tech/policy/article/3118327/china-boosts-semiconductor-production-2020-imports-keep-apace
3,semiconductor,china,"Stuck in the Middle: Taiwan's Semiconductor Industry, the US ...","The Trump administration has worked to restrict the People's Republic of 
China's ability to manufacture and acquire semiconductor chips ...",19 Jan 2021,Foreign Policy Research Institute,https://www.fpri.org/article/2021/01/stuck-in-the-middle-taiwans-semiconductor-industry-the-u-s-china-tech-fight-and-cross-strait-stability/
4,semiconductor,china,Boardroom drama shakes China’s biggest chipmaker SMIC,"The departure of Mr Liang, 68, who joined Semiconductor Manufacturing 
International Corp in November 2017, would have amounted to declaring ...",19 Jan 2021,Financial Times,https://www.ft.com/content/729a56ca-d187-411b-ae6e-6da55f5f8236
5,semiconductor,china,"U.S.-China tech rivalry underscores world’s dependence on Taiwan 
semiconductor industry","That's mostly down to Taiwan Semiconductor Manufacturing Co., the world's 
largest foundry and go-to producer of chips for Apple Inc. smartphones ...",30 Jan 2021,The Seattle Times,https://www.seattletimes.com/business/technology/u-s-china-tech-rivalry-underscores-worlds-dependence-on-taiwan-semiconductor-industry/
6,semiconductor,china,Trump's China tech war backfires on automakers as chips run ...,"Jan 15 (Reuters) - Automakers around the world are shutting assembly lines 
because of a global shortage of semiconductors that in some cases ...",14 Jan 2021,Reuters,https://www.reuters.com/business/autos-transportation/trumps-china-tech-war-backfires-automakers-chips-run-short-2021-01-15/
7,semiconductor,china,China's $150 Billion Chip Push Has Hit a Dutch Snag,"Europe's largest tech company supplies the machines that can make 
next-generation semiconductors. But it's isn't selling these to China.",20 Jan 2021,Bloomberg.com,https://www.bloomberg.com/opinion/articles/2021-01-20/asml-china-s-150-billion-chip-push-has-hit-a-dutch-snag
8,semiconductor,china,Beijing’s quest for chip independence is made in Taiwan,"In 2014, China announced a plan to spend $150 billion to expand its 
homegrown semiconductor industry. President Xi Jinping has made ...",21 Jan 2021,Fortune,https://fortune.com/2021/01/21/china-chip-semiconductor-independence-taiwan/
9,semiconductor,china,"Shanghai adds chips to its priority list along with Tesla, digital yuan","China's reliance on US and foreign technology is set to continue, according 
to analysts, as the production of 12-nm semiconductors still ...",28 Jan 2021,South China Morning Post,https://www.scmp.com/tech/big-tech/article/3119500/shanghai-adds-advanced-chip-production-its-2021-priority-list-along
10,semiconductor,china,China's Car-Chip Shortage Could Persist for as Long as a ...,"The China Automotive Chip Industry Innovation Strategic Alliance has been 
identifying semiconductor products that Chinese chipmakers can ...",19 Jan 2021,Bloomberg.com,https://www.bloomberg.com/news/articles/2021-01-19/china-s-car-chip-shortage-could-persist-for-as-long-as-a-decade
11,semiconductor,china,China's car-chip shortage could persist for as long as a decade,"Carmakers around the world have been hit in recent weeks by a worsening 
global semiconductor shortage that's led to production cuts and staff ...",19 Jan 2021,Hindustan Times Auto News,https://auto.hindustantimes.com/auto/news/chinas-car-chip-shortage-could-persist-for-as-long-as-a-decade-41611047693981.html
12,semiconductor,china,Semiconductor shortage hampers vehicle manufacturing – could get worse,"Volkswagen said in a statement last month that it will need to adjust 
production at plants in China, North America and Europe this quarter.",18 Jan 2021,WRAL TechWire,https://www.wraltechwire.com/2021/01/18/semiconductor-shortage-hampers-vehicle-manufacturing-could-get-worse/
13,semiconductor,china,China semiconductor industry: From 13th 5-year Plan to 14th ...,"China government has always attached great importance to advances of the 
semiconductor sector, but semiconductors' vital role to industrial ...",8 Jan 2021,DigiTimes,https://www.digitimes.com/news/a20210108RS400.html&chid=2
14,semiconductor,china,New President Will Need to Scrutinize US-China Relations for ...,"China was one of the large national rivals that took advantage during the 
past ... often Taiwan Semiconductor Manufacturing Company (TSMC).",20 Jan 2021,eWeek,https://www.eweek.com/it-management/new-president-will-need-to-scrutinize-u-s-china-relations-for-it/
15,semiconductor,china,Investors rush into semiconductor stocks amid global chip ...,"Listed on the Hong Kong market, shares of Semiconductor Manufacturing 
International Corp., China's top chipmaker, have gone up around 25%.",18 Jan 2021,Nikkei Asia,https://asia.nikkei.com/Spotlight/Market-Spotlight/Investors-rush-into-semiconductor-stocks-amid-global-chip-crunch
16,semiconductor,china,China to invest in chip capacity to address shortages,"China's industry ministry has committed to work with domestic and overseas 
companies to increase investment in semiconductor production to ...",26 Jan 2021,Argus Media,https://www.argusmedia.com/en/news/2180751-china-to-invest-in-chip-capacity-to-address-shortages
17,semiconductor,china,Taiwan island's semiconductor sector should not be hijacked ...,"The Bloomberg report said the greater worry is that TSMC's chip factories 
could become collateral damage if the Chinese mainland were to make ...",27 Jan 2021,Global Times,https://www.globaltimes.cn/page/202101/1214160.shtml
18,semiconductor,china,TSMC's bet on global dominance pays off after decades of ...,"TAIPEI/TOKYO -- With the global shortage of semiconductors ... 
Semiconductor Manufacturing International Corp., China's leading chipmaker.",30 Jan 2021,Nikkei Asia,https://asia.nikkei.com/Business/Tech/Semiconductors/TSMC-s-bet-on-global-dominance-pays-off-after-decades-of-planning
19,semiconductor,china,China aims to strengthen its semiconductor supply chain with ...,"The proposal comes as China has galvanised efforts to remove what it views 
as a US “stranglehold” over its semiconductor industry amid ...",31 Jan 2021,The Star,https://www.thestar.com.my/aseanplus/aseanplus-news/2021/01/31/china-aims-to-strengthen-its-semiconductor-supply-chain-with-new-standards-group-that-includes-huawei-smic
20,semiconductor,china,China’s Chip-Independence Goals Helped by U.S.-Developed Tech,"New approach to semiconductors, developed partly with the Pentagon's 
backing, could threaten Intel and Arm's dominance. Alibaba developed 
what ...",11 Jan 2021,The Wall Street Journal,https://www.wsj.com/articles/chinas-chip-independence-goals-helped-by-u-s-developed-tech-11610375472
21,semiconductor,china,"Tencent invests in Chinese A.I. chip start-up as part of $279 million 
funding round","It comes as Beijing pushes for more self-reliance in semiconductors amid 
rivalries between the U.S. and China that have spilt into the ...",5 Jan 2021,CNBC,https://www.cnbc.com/2021/01/06/tencent-invests-in-chinese-ai-chip-start-up-enflame.html
22,semiconductor,china,15 Biggest Semiconductor Companies in the World,"China is the largest importer of semiconductors in the world. The US has 
repeatedly used semiconductors as a lever against China.",6 Jan 2021,Yahoo Finance,https://finance.yahoo.com/news/15-biggest-semiconductor-companies-world-183721644.html
23,semiconductor,china,Huawei ramps up chip investment in fight for survival,"TAIPEI -- China's Huawei Technologies is ramping up investment in local 
chip companies to plug holes in its semiconductor supply chain ...",13 Jan 2021,Nikkei Asia,https://asia.nikkei.com/Spotlight/Huawei-crackdown/Huawei-ramps-up-chip-investment-in-fight-for-survival
24,semiconductor,china,China to ramp up IC supply as semiconductor demand surges ...,"China's industry watchdog said they will support companies from both home 
and abroad in ramping up investment to aid continued improvement in ...",26 Jan 2021,Global Times,https://www.globaltimes.cn/page/202101/1214008.shtml
25,semiconductor,china,China's top maker of memory chips plans to double output in ...,"TAIPEI -- Top Chinese memory chip maker Yangtze Memory ... China's 
ambitions to create a full-fledged domestic semiconductor supply chain.",12 Jan 2021,Nikkei Asia,https://asia.nikkei.com/Business/China-tech/China-s-top-maker-of-memory-chips-plans-to-double-output-in-2021
26,semiconductor,china,Chip industry group urges Biden admin to review export controls on China,"Latest US export controls further hamstring China's semiconductor 
ambitions. The letter criticises the Trump administration for 
implementing ...",26 Jan 2021,South China Morning Post,https://www.scmp.com/tech/policy/article/3119230/chip-industry-group-urges-biden-admin-review-export-controls-china
27,semiconductor,china,Japan chip suppliers reap benefits of 'China exit' subsidy,"TOKYO -- Suppliers to the semiconductor industry are among a wave of 
Japanese companies that have used government money to boost their ...",25 Jan 2021,Nikkei Asia,https://asia.nikkei.com/Economy/Trade/Japan-chip-suppliers-reap-benefits-of-China-exit-subsidy
28,semiconductor,china,TSMC gears up for mass production of 3-nm chips for high-end devices,"Taiwan Semiconductor Manufacturing Co (TSMC), the world's biggest ... ties 
to the Chinese military – a charge that the company denies.",18 Jan 2021,South China Morning Post,https://www.scmp.com/tech/innovation/article/3118183/tsmc-gears-mass-production-3-nanometre-chips-high-end-computers-and
29,semiconductor,china,"Here's what's in store for Marvell Technology, Qualcomm and other 
semiconductor companies this year","Semiconductors were hot in 2020 as the main stock sector index rose ... in 
China's efforts to grow its chipmaking and development in 2021.",5 Jan 2021,MarketWatch,https://www.marketwatch.com/story/heres-whats-in-store-for-marvell-technology-qualcomm-and-other-semiconductor-companies-this-year-11609875720
30,semiconductor,china,"How A Con Man With Primary Education Defrauded Billions Out Of A Wuhan Chip 
Project","In a rush to pump up China's chip sector, local Chinese ... fraud case is 
Wuhan Hongxin Semiconductor Manufacturing Corporation (HSMC), ...",29 Jan 2021,China Money Network,https://www.chinamoneynetwork.com/2021/01/29/how-a-con-man-with-primary-education-defrauded-billions-out-of-a-wuhan-chip-project
31,semiconductor,china,Bloomberg,"But, for a long time, the Chinese government has endeavored to build a 
successful homegrown and world-leading chip industry. On this episode, 
we ...",27 Jan 2021,Bloomberg,https://www.bloomberg.com/news/audio/2021-01-27/china-s-mission-to-be-the-leader-in-semiconductors-podcast
32,semiconductor,china,Can Huawei replicate its success in smartphones in smart vehicles?,"... smart vehicles as US sanctions stymie 5G and semiconductor ambitions 
... Chinese tech giant Huawei Technologies Co, facing US sanctions ...",24 Jan 2021,South China Morning Post,https://www.scmp.com/tech/big-tech/article/3118839/huawei-moves-smart-vehicles-us-sanctions-stymie-5g-and-semiconductor
33,semiconductor,china,VC Roundup: Chinese tech firms are betting on chips,"Funding China's semiconductor industry also underscores tech giants' 
concerns about being cut off from the global semiconductor supply chain ...",28 Jan 2021,TechNode,https://technode.com/2021/01/28/chinese-tech-firms-are-betting-on-semiconductors/
34,semiconductor,china,A year of poor planning led to carmaker’s massive chip shortage,"... at Taiwan Semiconductor Manufacturing (TSMC) and other contract chip 
... administration blacklisting China's Semiconductor Manufacturing ...",20 Jan 2021,South China Morning Post,https://www.scmp.com/business/companies/article/3118467/how-did-worlds-carmakers-run-out-chips-it-was-year-bad-planning
35,semiconductor,china,Missing Chips Snarl Car Production at Factories Worldwide,"Semiconductor shortages may persist throughout the first half as ... to 
blacklist China's Semiconductor Manufacturing International Corp. in ...",11 Jan 2021,Bloomberg.com,https://www.bloomberg.com/news/articles/2021-01-11/missing-chips-snarl-car-production-at-factories-worldwide
36,semiconductor,china,Foreign dependence the Achilles' heel in China's giant tech ...,"China's reliance on foreign tech goes far beyond semiconductors. In the 
automotive sector, where China is now the world's largest auto market in ...",31 Jan 2021,Nikkei Asia,https://asia.nikkei.com/Opinion/Foreign-dependence-the-Achilles-heel-in-China-s-giant-tech-sector
37,semiconductor,china,Drawing the curtain on China–Israel cooperation?,"Israel's semiconductor industry saw exports to China increase by 80 per 
cent in 2018. As the United States closed the door to Chinese tech ...",26 Jan 2021,East Asia Forum,https://www.eastasiaforum.org/2021/01/26/drawing-the-curtain-on-china-israel-cooperation/
38,semiconductor,china,Global chip shortage threatens automakers worldwide,"... that it would cut production in China, North America and Europe. ... 
Semiconductor companies are struggling to meet the surge in demand ...",9 Jan 2021,Nikkei Asia,https://asia.nikkei.com/Business/Automobiles/Global-chip-shortage-threatens-automakers-worldwide
39,semiconductor,china,"Analysis: China's would-be chip darling Tsinghua Unigroup bedevilled by 
debt and bad bets","SHANGHAI (Reuters) - Tsinghua Unigroup, a Chinese conglomerate that has 
long sought to become a semiconductor powerhouse, is now caught ...",19 Jan 2021,Reuters,https://www.reuters.com/article/us-tsinghua-unigroup-strategy-analysis-idUSKBN29P0C2
40,semiconductor,china,China to build $300bn electronics parts sector in break with US,"BEIJING -- The Chinese government on Friday announced plans to expand ... 
China is already working on boosting semiconductor output in light ...",30 Jan 2021,Nikkei Asia,https://asia.nikkei.com/Business/China-tech/China-to-build-300bn-electronics-parts-sector-in-break-with-US
41,semiconductor,china,Chinese bargain hunters pile into stocks blacklisted by Trump,"Other blacklisted stocks, including railway equipment maker CRRC Corp, 
China Communications Construction Co and semiconductor giant SMIC ...",7 Jan 2021,Reuters,https://www.reuters.com/article/us-china-usa-bargainhunt/chinese-bargain-hunters-pile-into-stocks-blacklisted-by-trump-idUKKBN29D0JE
42,semiconductor,china,The world is dangerously dependent on Taiwan for chips,"As China pushes the world to avoid official dealings with Taiwan, ... That 
is mostly down to Taiwan Semiconductor Manufacturing Co, ...",27 Jan 2021,Taipei Times,https://www.taipeitimes.com/News/editorials/archives/2021/01/27/2003751278
43,semiconductor,china,FTSE Russell cuts three more China firms from indexes after U.S. blacklist,"China United Network Communications, Semiconductor Manufacturing 
International Corporation (SMIC) and Nanjing Panda Electronics will be ...",4 Jan 2021,Reuters,https://www.reuters.com/article/us-usa-china-indexes/ftse-russell-cuts-three-more-china-firms-from-indexes-after-u-s-blacklist-idUKKBN29911R
44,semiconductor,china,Chip Shortage Will Continue to Disrupt Auto Production in ...,"Semiconductor chip shortage issues will continue to disrupt China's 
production of automobiles in the coming months, the China Association of ...",14 Jan 2021,Caixin Global,https://www.caixinglobal.com/2021-01-14/chip-shortage-will-continue-to-disrupt-auto-production-in-china-industry-warns-101650847.html
45,semiconductor,china,China's MEMSIC Semiconductor raises over $154.3m in ...,"MEMSIC Semiconductor, a China-based firm that develops semiconductor 
sensors for clients like Google and Samsung, announced on Monday the ...",26 Jan 2021,DealStreetAsia,https://www.dealstreetasia.com/stories/memsic-funding-225152/
46,semiconductor,china,Honda cuts car production on massive chip shortage,"The auto market began staging a comeback last summer, especially in China. 
But semiconductor production capacity has been unable to keep ...",8 Jan 2021,Nikkei Asia,https://asia.nikkei.com/Business/Automobiles/Honda-cuts-car-production-on-massive-chip-shortage
47,semiconductor,china,China Unveils First 7nm Chip: Big Island [Gpgpu],"Shanghai Tianshu Zhixin Semiconductor Co. is claiming China's first 
7-nanometer chip, described as a leading-edge, general-purpose cloud ...",22 Jan 2021,HPCwire,https://www.hpcwire.com/2021/01/22/china-unveils-first-7nm-chip-big-island/
48,semiconductor,china,Tech to remain a tug-of-war between China and US in 2021,"It should also retain pole-position in the race for the world's first 
sovereign digital currency. Achieving self-sufficiency in semiconductors ...",3 Jan 2021,South China Morning Post,https://www.scmp.com/tech/big-tech/article/3116104/tech-remain-tug-war-between-china-and-us-2021-biden-seen-roping
49,semiconductor,china,Dongfeng-backed chip producer to mass produce power ...,"There are only three companies in China capable of researching, developing 
and manufacturing automotive power semiconductor modules, ...",22 Jan 2021,Gasgoo,https://autonews.gasgoo.com/china_news/70017930.html
50,semiconductor,china,"Huawei to pack less of a punch in the new year after bruising 2020, 
analysts say","SHENZHEN, China (Reuters) - Huawei Technologies Co Ltd this year will 
likely ... such as Taiwan Semiconductor Manufacturing Co Ltd (TSMC).",5 Jan 2021,Reuters,https://www.reuters.com/article/us-huawei-tech-idUSKBN29B0QV
51,semiconductor,china,China's BYD builds sleek concept car factory,"The Chinese automaker's semiconductor business will be given a road test in 
public markets soon. The company also produces batteries, ...",26 Jan 2021,Reuters,https://www.reuters.com/article/us-byd-sharesale-breakingviews-idUSKBN29W09K
52,semiconductor,china,"The Ball Of De-Americanization Starts Rolling As China Seeks Secure Supply 
Chains","There were 413 equity investment cases in the domestic semiconductor 
industry in 2020, with an investment amount of more than RMB140 billion ...",19 Jan 2021,China Money Network,https://www.chinamoneynetwork.com/2021/01/19/the-ball-of-de-americanization-starts-rolling-as-china-seeks-secure-supply-chains
53,semiconductor,china,Taiwan manufacturers quit China over trade tensions and rising costs,"Hwa Meei is not an outlier. Hundreds of thousands of Taiwanese enterprises 
are bidding farewell to China because of rising costs and trade ...",10 Jan 2021,Financial Times,https://www.ft.com/content/5b78a04d-e51d-45d8-b276-2bbf9b11bed2
54,semiconductor,china,ASML CEO sees U.S.-China trade antagonism outlasting Trump,"AMSTERDAM (Reuters) - ASML CEO Peter Wennink expects further antagonism 
between the United States and China over semiconductor technology, ...",14 Jan 2021,Reuters,https://www.reuters.com/article/us-asml-ceo-idUSKBN29J1OJ
55,semiconductor,china,Biden’s commerce secretary pick backs tariffs and export limits on China,"“China's actions have been anticompetitive, hurtful to American workers and 
... Other Chinese companies on the list include Semiconductor ...",27 Jan 2021,South China Morning Post,https://www.scmp.com/news/china/diplomacy/article/3119369/bidens-commerce-secretary-nominee-backs-use-tariffs-and-export
56,semiconductor,china,China Played Its Hand Well in 2020. Will It Keep Winning?,"A researcher in a semiconductor lab in Beijing, May 26, 2020. Intel, the 
leading U.S. semiconductor chip maker, has invested in Chinese chip ...",22 Jan 2021,The Wall Street Journal,https://www.wsj.com/articles/china-played-its-hand-well-in-2020-will-it-keep-winning-11611331354
57,semiconductor,china,"Former Google CEO and others want action on ‘asymmetric competition’ from 
China","... Report calls for determined action to tackle tech competition with 
China and says a certain amount of 'bifurcation' is inevitable.",27 Jan 2021,South China Morning Post,https://www.scmp.com/tech/article/3119484/us-china-tech-war-former-google-chief-and-others-call-action-handle-asymmetric
58,semiconductor,china,US and China lock horns over Taiwan in first week of Biden era,"WASHINGTON/TAIPEI -- U.S.-China relations are off to a rough start in the 
Joe Biden era, ... led by Taiwan Semiconductor Manufacturing Co., ...",25 Jan 2021,Nikkei Asia,https://asia.nikkei.com/Politics/International-relations/US-China-tensions/US-and-China-lock-horns-over-Taiwan-in-first-week-of-Biden-era
59,semiconductor,china,Asia's chip crunch slams the brakes on carmakers' COVID ...,"The U.S.-China trade and tech conflict also meant fewer semiconductors on 
the market because of Washington's curbs on Chinese chipmakers.",22 Jan 2021,Nikkei Asia,https://asia.nikkei.com/Business/Business-Spotlight/Asia-s-chip-crunch-slams-the-brakes-on-carmakers-COVID-recovery
60,semiconductor,china,TSMC Earnings: Huge Capex Spending Plans Aim Squarely ...,"A budget blowout is a signal that the world's semiconductor giant will go 
to ... China's Semiconductor Manufacturing International Corp. and ...",14 Jan 2021,Bloomberg.com,https://www.bloomberg.com/opinion/articles/2021-01-14/as-chip-rivals-struggle-tsmc-goes-in-for-the-kill
61,semiconductor,china,Taiwan's GDP Growth Outpaces China's for First Time in 30 ...,"Taiwan's economic growth outpaced that of China's for the first time in 30 
... such as Taiwan Semiconductor Manufacturing Co. and Hon Hai ...",28 Jan 2021,Bloomberg.com,https://www.bloomberg.com/news/articles/2021-01-28/taiwan-set-to-reclaim-economic-lead-over-china-but-only-briefly
62,semiconductor,china,Applied Materials Lifts Bid for Kokusai to $3.5 Billion,"Semiconductors have become a key area of contention in the trade war 
between China and the U.S. under the administration of President Donald ...",4 Jan 2021,Bloomberg.com,https://www.bloomberg.com/news/articles/2021-01-04/applied-materials-lifts-bid-for-kokusai-electric-to-3-5-billion
63,semiconductor,china,"U.S. to Press Taiwan, TSMC to Resolve Auto Chip Crunch","Chinese Foreign Ministry spokesman Zhao Lijian told a regular news ... 
portion of the semiconductors for everything from cars to laptops.",29 Jan 2021,Bloomberg.com,https://www.bloomberg.com/news/articles/2021-01-29/u-s-officials-to-press-taiwan-tsmc-to-resolve-auto-chip-crunch
64,semiconductor,china,Taiwan exports still going strong after record-breaking year,"Semiconductors made up about 35% of the island's exports. ... Mainland 
China and Hong Kong constituted Taiwan's biggest export destination ...",9 Jan 2021,Nikkei Asia,https://asia.nikkei.com/Economy/Taiwan-exports-still-going-strong-after-record-breaking-year
65,semiconductor,china,"China-EU deal boosts Beijing's goals to stay in global tech scene but rely 
on the U.S. less, professor says","China-EU deal boosts Beijing's goals to stay in global tech scene but ... 
pointed to China's focus on bolstering its domestic semiconductor ...",19 Jan 2021,CNBC,https://www.cnbc.com/2021/01/19/chinas-pivot-to-europe-in-light-of-the-tech-war-with-the-us.html
66,semiconductor,china,China takes aim at foreign companies swayed by US sanctions,"The measure would cover such restrictions as American export controls of 
tech components to the likes of Huawei and Semiconductor ...",10 Jan 2021,Nikkei Asia,https://asia.nikkei.com/Economy/Trade-war/China-takes-aim-at-foreign-companies-swayed-by-US-sanctions
67,semiconductor,china,China brings in new law to fight Trump's sanctions,"The delistings follow a raft of actions against Chinese firms in recent 
months including TikTok, Huawei and microchip maker Semiconductor ...",11 Jan 2021,BBC,https://www.bbc.com/news/business-55614034
68,semiconductor,china,EETimes - Covid-19: Semiconductors at the Heart of Turmoil,"This will damage Chinese tech companies (more than U.S. tech companies) 
because China's semiconductor development and production is still ...",19 Jan 2021,EE Times,https://www.eetimes.com/covid-19-semiconductors-at-the-heart-of-turmoil/
69,semiconductor,china,STAR Market ETF tests U.S. appetite for China tech stocks,"STAR Market-listed chipmaker Semiconductor Manufacturing International Corp 
(SMIC) is on the list. New York-based Krane Funds Advisors, ...",27 Jan 2021,Reuters,https://www.reuters.com/article/china-us-star-idUSL4N2K222C
70,semiconductor,china,A look at China's recent spate of bond defaults,"China Business Review ... Semiconductor Self-Sufficiency: MIIT's Ambitions 
for 2021 and Beyond · The Growing Intersection of Digital Health ...",22 Jan 2021,China Business Review,https://www.chinabusinessreview.com/podcast/a-look-at-chinas-recent-spate-of-bond-defaults/
71,semiconductor,china,‘Gathering storm’: EU firms say US-China decoupling is hurting,"Rivalry between US and China in tech is the biggest source of concern, 
European business groups say in a new report. China, which is heavily ...",14 Jan 2021,Al Jazeera,https://www.aljazeera.com/economy/2021/1/14/gathering-storm-eu-firms-say-us-china-decoupling-is-hurting
72,semiconductor,china,"Renesas, NXP and other chipmakers raise prices on surging ...","TOKYO -- Japan's Renesas Electronics, the Netherlands' NXP Semiconductors 
and other chipmakers are raising prices on semiconductors that go ...",22 Jan 2021,Nikkei Asia,https://asia.nikkei.com/Business/Tech/Semiconductors/Renesas-NXP-and-other-chipmakers-raise-prices-on-surging-auto-demand
73,semiconductor,china,SoftBank's plan to sell Arm to NVIDIA is hitting antitrust wall ...,"Arm, the world's leading supplier of semiconductor intellectual property 
... China's antitrust watchdog, the State Administration for Market ...",23 Jan 2021,Nikkei Asia,https://asia.nikkei.com/Business/Technology/SoftBank-s-plan-to-sell-Arm-to-NVIDIA-is-hitting-antitrust-wall-around-the-world
74,semiconductor,china,A World Divided: The Conflict with Chinese Techno ...,"A World Divided: The Conflict with Chinese Techno-Nationalism Isn't Coming 
... Republic of China and semiconductor manufacturing in Taiwan.",28 Jan 2021,War on the Rocks,https://warontherocks.com/2021/01/a-world-divided-the-conflict-with-chinese-techno-nationalism-isnt-coming-its-already-here/
75,semiconductor,china,5G chipmaker Sumitomo Electric hedges bet on top client ...,"The semiconductors generate tens of billions of yen (10 billion yen ... 
Huawei is caught in the U.S.-China frictions, and its products are ...",21 Jan 2021,Nikkei Asia,https://asia.nikkei.com/Business/Electronics/5G-chipmaker-Sumitomo-Electric-hedges-bet-on-top-client-Huawei
76,semiconductor,china,Chipmaking Tool Supplier Expects Demand Boom to Last Years,"The provider of semiconductor fabrication tools expects orders from ... 
ongoing U.S.-China trade tensions, with several Chinese companies ...",14 Jan 2021,Bloomberg.com,https://www.bloomberg.com/news/articles/2021-01-15/chipmaking-tool-supplier-expects-demand-boom-to-last-years
77,semiconductor,china,Japan's Renesas steps in to ease automotive chip shortage,"Asahi Kasei halted output of a semiconductor after a massive fire in 
October at a plant operated by group company Asahi Kasei Microdevices.",27 Jan 2021,Nikkei Asia,https://asia.nikkei.com/Business/Tech/Semiconductors/Japan-s-Renesas-steps-in-to-ease-automotive-chip-shortage
78,semiconductor,china,Chinese telcos face sell-off risks ahead of New York bourse expulsion,"to Semiconductor Manufacturing International Corp. The US exchange will 
remove American depositary receipts (ADRs) issued by China Telecom, ...",1 Jan 2021,South China Morning Post,https://www.scmp.com/business/companies/article/3116108/china-mobile-telco-peers-face-selling-pressure-hong-kong-nyse
79,semiconductor,china,The Chip Industry's Next-Gen Roadmap - SemiEngineering,"SE: China's government is pouring $150 billion of funding to develop its 
semiconductor industry. The European Union (EU) recently launched a ...",21 Jan 2021,Semiconductor Engineering,https://semiengineering.com/the-chip-industrys-next-gen-roadmap/
80,semiconductor,china,Chinese telcos face sell-off risks ahead of New York bourse expulsion,"to Semiconductor Manufacturing International Corp. The US exchange will 
remove American depositary receipts (ADRs) issued by China Telecom, ...",1 Jan 2021,South China Morning Post,https://www.scmp.com/business/companies/article/3116108/china-mobile-telco-peers-face-selling-pressure-hong-kong-nyse
81,semiconductor,china,The Chip Industry's Next-Gen Roadmap - SemiEngineering,"SE: China's government is pouring $150 billion of funding to develop its 
semiconductor industry. The European Union (EU) recently launched a ...",21 Jan 2021,Semiconductor Engineering,https://semiengineering.com/the-chip-industrys-next-gen-roadmap/
82,semiconductor,china,China FTSE Russell to Remove More Chinese Companies ...,"The three companies being removed are China United Network Communications, 
Semiconductor Manufacturing International Corporation and Nanjing ...",6 Jan 2021,Regulation Asia,https://www.regulationasia.com/ftse-russell-to-remove-more-chinese-companies-from-indexes/
83,semiconductor,china,"Intel's build-in-America emphasis is about more than profits — it's also 
about national security","The Chinese show of force came days after investors sent shares of 
semiconductor giant Intel Corp. INTC, -0.95% tumbling, thanks in part to ...",28 Jan 2021,MarketWatch,https://www.marketwatch.com/story/intels-build-in-america-emphasis-is-about-more-than-profits-its-also-about-national-security-11611790350
84,semiconductor,china,U.S. Government Sanctions Chinese and Russian Entities and ...,"On December 18, BIS announced export sanctions against Semiconductor 
Manufacturing International Corporation (“SMIC”), ...",14 Jan 2021,JD Supra,https://www.jdsupra.com/legalnews/u-s-government-sanctions-chinese-and-5672647/
85,semiconductor,china,China Forecast to Fall Far Short of its “Made in China 2025 ...,"IC Insights forecasts China-produced ICs will represent only 19.4% of its 
IC market in 2025, a fraction of the Made in China 2025 goal of ...",13 Jan 2021,EE Times Asia,https://www.eetasia.com/china-forecast-to-fall-far-short-of-its-made-in-china-2025-goals-for-ics/
86,semiconductor,china,How did we end up with this chip shortage?,"From India to China to the US, automakers cannot make vehicles — not ... 
Consider the number and types of semiconductor chips that go into a ...",24 Jan 2021,Taipei Times,https://taipeitimes.com/News/biz/archives/2021/01/24/2003751098
87,semiconductor,china,Semiconductor Shortage Delays Global Automotive Sector ...,"Chinese local brands may be less affected than many global brands as they 
were more optimistic about the local market recovery and placed larger ...",29 Jan 2021,Fitch Ratings,https://www.fitchratings.com/research/corporate-finance/semiconductor-shortage-delays-global-automotive-sector-recovery-29-01-2021
88,semiconductor,china,Top 10 Chinese listed companies by market value ...,"Replacing the Industrial and Commercial Bank of China, Taiwan Semiconductor 
Manufacturing Company took third on the list.",8 Jan 2021,China Daily,https://www.chinadaily.com.cn/a/202101/08/WS5ff78dc0a31024ad0baa1377.html
89,semiconductor,china,Still Own Blacklisted Chinese Stocks? You May Be Stuck in Limbo for a While.,"... decision to delist three Chinese telecoms, China Telecom (ticker: CHA), 
... Chinese oil company Cnooc (CEO) and chip maker Semiconductor ...",30 Jan 2021,Barron's,https://www.barrons.com/articles/still-own-blacklisted-chinese-stocks-why-investors-may-be-in-limbo-for-a-while-51612015200
90,semiconductor,china,"Microchip, mega battle for US and China - Michael Collins ...","In September, however, the semiconductor maker reduced the asking price of 
its offer by 25%. Days later, the company postponed indefinitely ...",17 Jan 2021,Livewire Markets,https://www.livewiremarkets.com/wires/microchip-mega-battle-for-us-and-china
91,semiconductor,china,Vietnam courts chip investment to power up digital economy,"Whether Vietnam secures Samsung's investment in semiconductor ... to absorb 
significantly more manufacturing from China and move up the ...",29 Jan 2021,Nikkei Asia,https://asia.nikkei.com/Economy/Vietnam-courts-chip-investment-to-power-up-digital-economy
92,semiconductor,china,VW Loses Tens of Thousands of Cars in China on Chip ...,"Carmakers around the world have been hit in recent weeks by a worsening 
global semiconductor shortage that's led to production cuts and staff ...",19 Jan 2021,Bloomberg.com,https://www.bloomberg.com/news/articles/2021-01-20/vw-loses-tens-of-thousands-of-cars-in-china-on-chip-shortage
93,semiconductor,china,SK Hynix to move chip facilities to China to meet rising demand,"2 semiconductor company said it expects demand for foundry chips based on 
8-inch wafers will remain strong for some time, as the supply of ...",29 Jan 2021,Nikkei Asia,https://asia.nikkei.com/Business/Technology/SK-Hynix-to-move-chip-facilities-to-China-to-meet-rising-demand
94,semiconductor,china,"Biden’s commerce secretary pick pledges a tough line on China but doesn’t 
detail how she’d deal with Huawei","... more than 300 Chinese entities, including the telecom equipment 
manufacturer Huawei, large semiconductor and drone manufacturers, ...",26 Jan 2021,The Washington Post,https://www.washingtonpost.com/technology/2021/01/26/gina-raimondo-confirmation-china/
95,semiconductor,china,Biden's China Policy Depends on What Xi Jinping Will Do,"So far, the Chinese president seems unwilling to change his ... In August, 
he unveiled juicy tax breaks to semiconductor companies.",26 Jan 2021,Bloomberg.com,https://www.bloomberg.com/news/articles/2021-01-26/biden-s-china-policy-depends-on-what-xi-jinping-will-do
96,semiconductor,china,Three Possible 2021 Outcomes: Pick Only One,"The impacts of COVID-19 and China's semiconductor push on the health of the 
chip market. Three very different ways that the market could evolve.",19 Jan 2021,Electronic Design,https://www.electronicdesign.com/industrial-automation/article/21152716/objective-analysis-three-possible-2021-outcomes-pick-only-one
97,semiconductor,china,5 Semiconductor Stocks to Buy as Supply Shortage Boosts Demand,"Also, microchip demand has been getting a boost from the 5G boom in Europe 
and parts of Asia, including China and Singapore.",26 Jan 2021,Yahoo Finance,https://finance.yahoo.com/news/5-semiconductor-stocks-buy-supply-114711279.html
98,semiconductor,china,Taiwan's MediaTek Surpasses Qualcomm as China's ...,"Taiwan-based semiconductor producer MediaTek outperformed Qualcomm as 
China's largest smartphone chip supplier in the second half of 2020, ...",25 Jan 2021,Caixin Global,https://www.caixinglobal.com/2021-01-25/taiwans-mediatek-surpasses-qualcomm-as-chinas-smartphone-chip-supplier-of-choice-as-us-sanctions-bite-101655372.html
99,semiconductor,china,Toyota shut Chinese line for 2 days due to global chip shortage,"Production of both models has dropped. The venture will continue to review 
semiconductor procurement volumes, looking to attain stable supplies ...",13 Jan 2021,Nikkei Asia,https://asia.nikkei.com/Business/Automobiles/Toyota-shut-Chinese-line-for-2-days-due-to-global-chip-shortage
100,semiconductor,china,US stock blacklists ripple through Hong Kong and China ...,"... Chinese military, including top chipmaker Semiconductor Manufacturing 
International Corp., or SMIC, and multinational oil company CNOOC.",11 Jan 2021,Nikkei Asia,https://asia.nikkei.com/Business/Markets/US-stock-blacklists-ripple-through-Hong-Kong-and-China-markets
101,semiconductor,china,Semiconductor shortage to cause rise in prices in 2021,"The prices of semiconductors are expected to rise due to ... This price 
hike also being witnessed by Chinese companies like Goodix, ...",4 Jan 2021,Gizmochina,https://www.gizmochina.com/2021/01/04/semiconductor-shortage-cause-rise-in-prices-2021/
102,semiconductor,china,Biden to approach U.S.-China relations with 'patience',"China's President Xi Jinping, speaking at a virtual meeting of the World 
... SEMI, which represents semiconductor equipment makers and ...",25 Jan 2021,Reuters,https://www.reuters.com/article/us-usa-biden-china-idUSKBN29U28H
103,semiconductor,china,How Trump Lost His Trade War With China,"How China Won Trump's Trade War and Got Americans to Foot the Bill ... and 
microchip maker Semiconductor Manufacturing International Corp.",11 Jan 2021,Bloomberg.com,https://www.bloomberg.com/news/articles/2021-01-11/how-china-won-trump-s-good-and-easy-to-win-trade-war
104,semiconductor,china,How “ASML's architects” was published in China and ...,"One lives in the Netherlands and is called Guoqiao Tao. He's a 
semiconductor veteran, who has worked in the Dutch semicon industry for 
over thirty years, ...",28 Jan 2021,Bits-chips,https://bits-chips.nl/artikel/how-asmls-architects-was-published-in-china-and-reprinted-three-times/
105,semiconductor,china,Global chip shortage to spur price hikes,"As a global semiconductor shortage boosts their pricing power, TSMC, ... 
The FT's Yuan Yang unpacks the dark side of China's food delivery ...",27 Jan 2021,Ft,https://amp.ft.com/content/84487014-bf25-4837-8562-2f41a035776a
106,semiconductor,china,Analysis: The trillion dollar weapon in the U.S.-China tech stock war,"Analysis: The trillion dollar weapon in the U.S.-China tech stock war ... 
on Trump's list like China Mobile, China Telecom and semiconductor ...",12 Jan 2021,Reuters,https://www.reuters.com/article/us-china-usa-listings-indexes-analysis-idUSKBN29H20P
107,semiconductor,china,Computer chip shortage disrupts global car production,"""With lead times of six to nine months, the semiconductor ... told DW that 
the chip shortage had affected production at its plants in China, ...",14 Jan 2021,DW,https://www.dw.com/en/computer-chip-shortage-disrupts-global-car-production/a-56224486
108,semiconductor,china,China's Top Chipmaker Stops Trading Shares in US After ...,"Shanghai-based Semiconductor Manufacturing International Corp. (SMIC) 
delisted from the New York Stock Exchange in 2019, but continued to ...",7 Jan 2021,Caixin Global,https://www.caixinglobal.com/2021-01-07/chinas-top-chipmaker-stops-trading-shares-in-us-after-blacklisting-101647865.html
109,semiconductor,china,Crises at home leave Biden little time for Asia in first 100 days,"While Trump encouraged U.S. companies to shift production away from China, 
few, especially semiconductor players, have done so because ...",19 Jan 2021,Nikkei Asia,https://asia.nikkei.com/Spotlight/Asia-Insight/Crises-at-home-leave-Biden-little-time-for-Asia-in-first-100-days
110,semiconductor,china,German carmakers enlist Merkel as they battle chip shortage,"The semiconductor bottlenecks could last for several weeks, ... were 
enjoying a strong rebound in car sales, particularly in China.",19 Jan 2021,Financial Times,https://www.ft.com/content/665aa87d-046b-4ecd-97a7-a797e0357a32
111,semiconductor,china,Japan Inc prepares for automation bonanza in China,"TOKYO -- China is leaning harder than ever on automation as a way to keep 
... and in China makers of electric vehicles, semiconductors, ...",27 Jan 2021,Nikkei Asia,https://asia.nikkei.com/Business/Electronics/Japan-Inc-prepares-for-automation-bonanza-in-China
112,semiconductor,china,Taiwan's most valuable AI chip startup eyes global expansion,"... including Taiwan Semiconductor Manufacturing Co., MediaTek and United 
Microelectronics Corp. It is a stark contrast to China, ...",19 Jan 2021,Nikkei Asia,https://asia.nikkei.com/Business/Startups/Taiwan-s-most-valuable-AI-chip-startup-eyes-global-expansion
113,semiconductor,china,Startups Look Forward as China Cracks Down on Alibaba ...,"Chinese leader Xi Jinping has made clear he wants the country to prioritize 
supercomputing and semiconductors over smartphone games and ...",20 Jan 2021,Bloomberg.com,https://www.bloomberg.com/news/articles/2021-01-20/startups-look-forward-as-china-cracks-down-on-alibaba-baba-tencent-tcehy
114,semiconductor,china,Trading in 12 off-exchange Chinese securities to be restricted,"It said quoting in nine symbols, including those of China Railway 
Construction Corp, Nanjing Panda Electronics Co, and Semiconductor ...",7 Jan 2021,Reuters,https://www.reuters.com/article/us-usa-markets-china-otc-markets-grp-idUSKBN29C2UW
115,semiconductor,china,Asia tech share rally helps boost global markets,"Chipmakers also rallied, with China's Semiconductor Manufacturing 
International Corp up as much as 8.3 per cent. In South Korea, stocks 
were ...",24 Jan 2021,Financial Times,https://www.ft.com/content/2244c34d-a963-4da6-a1e7-811dd5c6d692
116,semiconductor,china,"To Beat China on Tech, Biden Will Have to Learn from It","His administration used nearly every weapon at America's disposal to pummel 
Chinese tech companies—such as semiconductor giant SMIC and ...",27 Jan 2021,WIRED,https://www.wired.com/story/beat-china-tech-biden/
117,semiconductor,china,SMIC Shares Reverse Losses As Company Seemingly Retains Disgruntled CEO,"Shares of China's Semiconductor Manufacturing International Corporation 
(SMIC) gained during trading today in Hong Kong after closing ...",4 Jan 2021,Wccftech,https://wccftech.com/smic-shares-reverse-losses-as-company-seemingly-retains-disgruntled-ceo/
118,semiconductor,china,Volkswagen cuts production further over semiconductor ...,"EXCLUSIVE China Evergrande in talks with Xiaomi consortium to sell EV unit 
stake-sources · Musk says Tesla likely to launch humanoid robot ...",13 Jan 2021,Reuters,https://www.reuters.com/business/autos-transportation/volkswagen-cuts-production-further-over-semiconductor-shortage-2021-01-13/
119,semiconductor,china,Semiconductor shortage forces automobile production cuts,"DETROIT (AP) — A widening global shortage of semiconductors for auto parts 
... sanctions on 11 Chinese companies for alleged labor abuses.",8 Jan 2021,AP News,https://apnews.com/article/coronavirus-pandemic-bb12adb6106019a618440d85fd91f77e
120,semiconductor,china,Chinese hacking group 'Chimera' targets Taiwanese chip and ...,"An advanced threat protection group from China is allegedly ... Chinese 
APTs targeted various Taiwanese semiconductor companies base in the ...",21 Jan 2021,SiliconANGLE,https://siliconangle.com/2021/01/21/chinese-hacking-group-chimera-targets-taiwanese-semiconductor-airline-companies/
121,semiconductor,china,Korea's chip industry set to soar in 2021,"SMIC is China's largest semiconductor foundry company and produces chips 
for numerous Chinese IT firms including Huawei.",6 Jan 2021,The Korea Times,https://www.koreatimes.co.kr/www/tech/2021/01/133_301873.html
122,semiconductor,china,Honda to close Swindon plant next week due to semiconductor shortage,"But a faster-than-expected recovery in China and robust sales in the US 
mean that semiconductor makers have been unable to meet the rising ...",13 Jan 2021,Financial Times,https://www.ft.com/content/7dd2d5d1-6728-460b-a868-0eea92166015
123,semiconductor,china,Global semiconductor shortage will disrupt auto supply chain ...,"A global shortage of semiconductor computer chips, brought on by the ... 
The issue first came to light in late-2020 in India and China but, ...",21 Jan 2021,Autocar Professional,https://www.autocarpro.in/news-international/global-semiconductor-shortage-will-disrupt-supply-chain-well-into-2021-78303
124,semiconductor,china,Xiaomi denies any ties with Chinese military,"Other Chinese companies that were already on the list included Huawei, 
Hikvision, Inspur, Panda Electronics, and Semiconductor Manufacturing ...",18 Jan 2021,ZDNet,https://www.zdnet.com/article/xiaomi-denies-any-ties-with-chinese-military/
125,semiconductor,china,What Do the Two U.S. Blacklists of Chinese Companies Do?,"China National Offshore Oil Corp., the nation's main deepwater explorer, is 
among those on the Entity List. So is Semiconductor Manufacturing ...",15 Jan 2021,Bloomberg.com,https://www.bloomberg.com/news/articles/2021-01-15/what-do-the-two-u-s-blacklists-of-chinese-companies-do-q-a
126,semiconductor,china,"Alibaba and Tencent shares fall after report says they could be added to 
U.S. blacklist","In December, the U.S. added Chinese drone company DJI and Semiconductor 
Manufacturing International to a trade blacklist.",7 Jan 2021,CNBC,https://www.cnbc.com/2021/01/07/alibaba-and-tencent-shares-fall-on-us-blacklist-report.html
127,semiconductor,china,Honor launches first phone since being sold by Huawei after U.S. sanctions,"Honor, the Chinese smartphone brand formerly owned by Huawei, launched the 
... China's number one smartphone semiconductor supplier in 2020.",21 Jan 2021,CNBC,https://www.cnbc.com/2021/01/22/honor-v40-launch-former-huawei-units-first-smartphone-since-being-sold.html
128,semiconductor,china,Intel increases Vietnam chip investment by nearly 50%,"Separately the U.S. semiconductor giant has said it is likely to tap ... to 
Apple supplier Pegatron relocating from China in recent years ...",27 Jan 2021,Nikkei Asia,https://asia.nikkei.com/Business/Technology/Intel-increases-Vietnam-chip-investment-by-nearly-50
129,semiconductor,china,Goldman Sachs Upgrades Chinese Chipmaker SMIC On Strong Domestic Demand,"Inside a clean room of China's Semiconductor Manufacturing International 
Corporation (SMIC). The company's shares closed 1.20% higher in ...",19 Jan 2021,Wccftech,https://wccftech.com/goldman-sachs-upgrades-chinese-chipmaker-smic-on-strong-domestic-demand/
130,semiconductor,china,What the Cold War can teach Washington about Chinese tech ...,"... semiconductor manufacturing equipment, and Weinberger could be speaking 
of today's trade tensions between the United States and China.",12 Jan 2021,Brookings Institution,https://www.brookings.edu/techstream/what-the-cold-war-can-teach-washington-about-chinese-tech-tensions/
131,semiconductor,china,Explained: How China plans to prevent further US sanctions on its companies,"Over the past few months, the US has targeted several Chinese tech giants, 
including TikTok and Huawei. China's largest chipmaker Semiconductor ...",12 Jan 2021,The Indian Express,https://indianexpress.com/article/explained/how-china-plans-to-prevent-further-us-sanctions-on-its-companies-7142254/
132,semiconductor,china,Beijing Won’t Bow to Bluster on Taiwan,"For its part, China has launched one of the greatest military buildups ... 
semiconductor industry, controlling Taiwan would put China on the ...",11 Jan 2021,The Wall Street Journal,https://www.wsj.com/articles/beijing-wont-bow-to-bluster-on-taiwan-11610406774
133,semiconductor,china,Intel CEO's New Crusade Pits Investors Against U.S. Interests,"... to keep most of Intel's semiconductor production in-house. ... and the 
U.S. China is the biggest consumer of semiconductors and the ...",22 Jan 2021,Bloomberg.com,https://www.bloomberg.com/news/articles/2021-01-22/intel-ceo-s-new-crusade-pits-investors-against-u-s-interests
134,semiconductor,china,Hard-To-Hire Engineering Jobs - SemiEngineering ...,"“The semiconductor industry in China is very hot now, and a lot of new 
companies, including wafer fab and design house, have started up. That ...",13 Jan 2021,Semiconductor Engineering,https://semiengineering.com/hard-to-hire-engineering-jobs/
135,semiconductor,china,Chinese Startups And Venture Capitalists Bet Big On Open Source RISC-V,"The consensus among Chinese semiconductor practitioners is clear: China 
must ""break the siege"" by setting up its own entire semiconductors ...",5 Jan 2021,China Money Network,https://www.chinamoneynetwork.com/2021/01/05/chinese-startups-and-venture-capitalists-bet-big-on-open-source-risc-v
136,semiconductor,china,"FACTBOX-List of Chinese firms designated by U.S. as military-linked, along 
with subsidiaries","While global index providers have been removing Chinese companies from ... 
Electronics Co Ltd Semiconductor Manufacturing International Corp ...",4 Jan 2021,Reuters,https://www.reuters.com/article/usa-china-securities-companies-idUSL4N2JF0TE
137,semiconductor,china,The Digital War: US-China Tech Competition in the Biden Era,"Both Chinese and U.S. semiconductor players are looking for a new 
equilibrium from the Biden administration. Third, in a rare consensus 
among ...",26 Jan 2021,The Diplomat,https://thediplomat.com/2021/01/the-digital-war-us-china-tech-competition-in-the-biden-era/
138,semiconductor,china,Samsung to pour $30bn into booming chip business,"Samsung's semiconductor business boasted a 27% operating profit ... They 
are gaining market share not only in China, but also in India and ...",9 Jan 2021,Nikkei Asia,https://asia.nikkei.com/Business/Technology/Samsung-to-pour-30bn-into-booming-chip-business
139,semiconductor,china,Analysis | Why Taiwan Is the Biggest Risk for a U.S.-China Clash,"From Cold War skirmishes to China's economic opening, ... to become a 
critical supplier of semiconductors and other high-tech goods.",28 Jan 2021,The Washington Post,https://www.washingtonpost.com/business/why-taiwan-is-the-biggest-risk-for-a-us-china-clash/2021/01/27/185d96f6-60eb-11eb-a177-7765f29a9524_story.html
140,semiconductor,china,China may fail to achieve its 2025 chip self sufficiency target ...,"The new market research has revealed that only 19.4 percent of the ICs in 
its market will have been produced locally. China. According to ...",11 Jan 2021,Gizmochina,https://www.gizmochina.com/2021/01/11/china-fall-short-2025-chip-self-sufficiency-target/
141,semiconductor,china,Huawei's struggles likely to continue in 2021: Analysts,"The Chinese company has denied it is a risk. ... companies doing business 
in the U.S., which led to Taiwan Semiconductor Manufacturing Co.",7 Jan 2021,Taiwan News,https://www.taiwannews.com.tw/en/news/4096354
142,semiconductor,china,Chip-Maker SMIC Tries to Work Around Import Restrictions,"... top economies, Semiconductor Manufacturing International Corp. ... the 
most from the ongoing trade war between the U.S. and China.",12 Jan 2021,Tom's Hardware,https://www.tomshardware.com/news/smic-import-restrictions
143,semiconductor,china,Trump's China tech war backfires on automakers as chips run short,"One automaker moved chip production from China's Semiconductor 
Manufacturing International, or SMIC, which was hit with U.S. government ...",17 Jan 2021,Gulf News,https://gulfnews.com/auto/news/trumps-china-tech-war-backfires-on-automakers-as-chips-run-short-1.1610876601914
144,semiconductor,china,"Carmakers, Chip Industry Crash Into a Supply and Demand ...","The auto industry and makers of semiconductors have gotten their supply ... 
From India to China to the United States, carmakers can't make ...",18 Jan 2021,Bloomberg.com,https://www.bloomberg.com/opinion/articles/2021-01-18/carmakers-chip-industry-crash-into-a-supply-and-demand-crisis
145,semiconductor,china,Viewpoint: Chinese demand supports germanium prices,"The 5G network will require existing and emerging semiconductor materials 
such as compound semiconductors — microchip wafers made out of two ...",6 Jan 2021,Argus Media,https://www.argusmedia.com/en/news/2174432-viewpoint-chinese-demand-supports-germanium-prices
146,semiconductor,china,A Chinese hacking group is stealing airline passenger details,"These attacks targeted semiconductor and airline companies in different 
geographical areas, and not just Asia, NCC and Fox-IT said.",20 Jan 2021,ZDNet,https://www.zdnet.com/article/a-chinese-hacking-group-is-stealing-airline-passenger-details/
147,semiconductor,china,How China won Trump's trade war and got Americans to foot ...,"How China won Trump's trade war and got Americans to foot the bill ... and 
microchip maker Semiconductor Manufacturing International.",13 Jan 2021,The Straits Times,https://www.straitstimes.com/business/economy/how-china-won-trumps-trade-war-and-got-americans-to-foot-the-bill
148,semiconductor,china,Coronavirus drives retreat of Chinese VCs to safer deals,"Semiconductor, online education and healthcare start-ups found the most 
favour with VC investors. Spurred by Beijing's multibillion-dollar ...",20 Jan 2021,Financial Times,https://www.ft.com/content/e2a5ca98-6090-4dc6-bc70-d2768978e488
149,semiconductor,china,Electronic components sector to gain traction - Chinadaily.com ...,"For instance, many Chinese robot makers rely on foreign companies for ... 
Currently, there is also a shortage of semiconductors necessary ...",30 Jan 2021,China Daily,https://global.chinadaily.com.cn/a/202101/30/WS6014a032a31024ad0baa6271.html
150,semiconductor,china,Trump's China Inc. Onslaught Leaves Key Decisions for Biden,"At the time, President Donald Trump's actions against China Inc. had ... 
the department said it was blacklisting chipmaker Semiconductor ...",15 Jan 2021,Bloomberg.com,https://www.bloomberg.com/news/articles/2021-01-15/trump-s-onslaught-on-china-inc-leaves-key-decisions-for-biden
151,semiconductor,china,Electronic components sector to gain traction - Chinadaily.com ...,"For instance, many Chinese robot makers rely on foreign companies for ... 
Currently, there is also a shortage of semiconductors necessary ...",30 Jan 2021,China Daily,https://global.chinadaily.com.cn/a/202101/30/WS6014a032a31024ad0baa6271.html
152,semiconductor,china,"Lenovo Plans China Listing, Sending Stock Soaring","The news that Lenovo would join the STAR Market, China's answer to the ... 
such as Semiconductor Manufacturing International Corp. , to sell ...",13 Jan 2021,The Wall Street Journal,https://www.wsj.com/articles/pc-giant-lenovo-plans-china-listing-sending-stock-soaring-11610531007
153,semiconductor,china,Why Taiwan Will Be at the Center of the China-US Rivalry,"Beijing has targeted the semiconductor industry as one of the industrial 
pillars that it wants China to dominate to fulfill the long-term ...",6 Jan 2021,Military.com,https://www.military.com/daily-news/opinions/2021/01/06/why-taiwan-will-be-center-of-china-us-rivalry.html
154,semiconductor,china,"Ford India, Mahindra & Mahindra hit by semiconductor shortage","“Large automobile manufacturing nations such as China increased their auto 
production volumes much faster than expected, therefore raising ...",19 Jan 2021,Quartz,https://qz.com/india/1959077/ford-india-mahindra-mahindra-hit-by-semiconductor-shortage/
155,semiconductor,china,Chip shortage cuts more vehicle production,"A move by US regulators to blacklist China's Semiconductor Manufacturing 
International, the country's largest contract chipmaker, ...",12 Jan 2021,Just Auto,https://www.just-auto.com/news/chip-shortage-cuts-more-vehicle-production/
156,semiconductor,china,Top Chinese Chipmaker SMIC Gets Reprieve from New York ...,"What's new: Semiconductor Manufacturing International Corp. (SMIC), China's 
large maker of microchips, said it has received a brief reprieve ...",11 Jan 2021,Caixin Global,https://www.caixinglobal.com/2021-01-11/top-chinese-chipmaker-smic-gets-reprieve-from-new-york-delisting-101649103.html
157,semiconductor,china,How Donald Trump has targeted Chinese firms with executive orders,"has taken a confrontational stance on China and its tightly controlled ... 
and Semiconductor Manufacturing International Corporation (SMIC).",7 Jan 2021,South China Morning Post,https://www.scmp.com/business/companies/article/3116682/how-donald-trump-has-targeted-chinese-companies-executive-orders
158,semiconductor,china,ASML is a hidden tech gem - Investors' Chronicle,"The US recently placed China's largest chipmaker, Semiconductor 
Manufacturing International Corp (CN:0981) (SMIC), on its 'Entity List', 
which ...",7 Jan 2021,Investors Chronicle,https://www.investorschronicle.co.uk/ideas/2021/01/07/asml-is-a-hidden-tech-gem/
159,semiconductor,china,Missing chips snarl car production at factories worldwide,"The Trump administration's move to blacklist China's Semiconductor 
Manufacturing International Corp. in December drove customers to seek ...",11 Jan 2021,The Seattle Times,https://www.seattletimes.com/business/missing-chips-snarl-car-production-at-factories-worldwide/
160,semiconductor,china,"Topics China Expands Encouraged Catalogue, Improves ...","(You can check out the full catalogue in Chinese here, the full national 
... Hubei, Sichuan, and Chongqing added semiconductor materials and ...",5 Jan 2021,China Briefing,https://www.china-briefing.com/news/china-2020-fi-encouraged-catalogue-effect-january-27-2021/
161,semiconductor,china,Chinese fund managers rush to capitalize on investors' green fever,"SHANGHAI (Reuters) - Chinese money managers are rushing to launch new ... 
Semiconductor Co, said the government's green pledges and China's ...",5 Jan 2021,Reuters,https://www.reuters.com/article/us-china-fund-carbon-idUSKBN29B0HX
162,semiconductor,china,"Huawei founder praises U.S. tech in first word from company since Biden 
inauguration","SHENZHEN, China (Reuters) - The United States remains a “beacon of ... the 
Commerce Department told semiconductor makers it would deny or ...",22 Jan 2021,Reuters,https://www.reuters.com/article/us-china-huawei-tech-usa-idUSKBN29R16N
163,semiconductor,china,Intel under pressure to ramp up outsourcing to Asian chipmakers,"America's biggest manufacturer of microprocessors has been in intense talks 
for at least five projects with Taiwan Semiconductor ...",20 Jan 2021,Nikkei Asia,https://asia.nikkei.com/Business/Technology/Intel-under-pressure-to-ramp-up-outsourcing-to-Asian-chipmakers
164,semiconductor,china,My Best Semiconductor Stock for 2021,"... as the Trump administration was launching its trade war with China, ... 
Leading semiconductor fab Taiwan Semiconductor Manufacturing ...",25 Jan 2021,The Motley Fool,https://www.fool.com/investing/2021/01/25/my-best-semiconductor-stock-for-2021/
165,semiconductor,china,Global semiconductor chip sales expected to grow to US$1 ...,"“China has returned to its pre-pandemic GDP growth rate and the US is not 
far behind, with projections that the world's largest economy will ...",19 Jan 2021,The Edge Markets,https://www.theedgemarkets.com/article/global-semiconductor-chip-sales-expected-grow-us1-trillion-early-2030s
166,semiconductor,china,Apple supplier Foxconn forges ties with Chinese EV startup ...,"Apple supplier Foxconn forges ties with Chinese EV startup Byton ... along 
with semiconductors, servers, key components, robotics, ...",4 Jan 2021,Nikkei Asia,https://asia.nikkei.com/Spotlight/Electric-cars-in-China/Apple-supplier-Foxconn-forges-ties-with-Chinese-EV-startup-Byton
167,semiconductor,china,Samsung Is Said to Mull $10 Billion Texas Chipmaking Plant,"Intensifying trade tensions between the U.S. and China and now ... For its 
part, Samsung's semiconductor division spent $26 billion on ...",21 Jan 2021,Bloomberg.com,https://www.bloomberg.com/news/articles/2021-01-22/samsung-is-said-to-consider-10-billion-texas-chipmaking-plant
168,semiconductor,china,Japan chip sector boosted by report TSMC to build Tokyo facility,"... in semiconductor manufacturing and cutting-edge technology as it eyes 
the national security implications amid U.S.-China confrontation ...",6 Jan 2021,The Japan Times,https://www.japantimes.co.jp/news/2021/01/06/business/corporate-business/chipmakers-taiwan-japan/
169,semiconductor,china,U.S. Takes Strategic Step to Onshore Electronics Manufacturing,"Although China does not hold a technological lead in chipmaking, ... South 
Korea and by Taiwan Semiconductor Manufacturing Company (TSMC) in ...",6 Jan 2021,IEEE Spectrum,https://spectrum.ieee.org/us-takes-strategic-step-to-onshore-electronics-manufacturing
170,semiconductor,china,China Loves Elon Musk and Tesla (TSLA). How Long Will ...,"Tesla's unprecedented success in China has helped Musk become the ... focus 
on technologies such as semiconductors, rather than automobiles.",13 Jan 2021,Bloomberg.com,https://www.bloomberg.com/news/features/2021-01-13/china-loves-elon-musk-and-tesla-tsla-how-long-will-that-last
171,semiconductor,china,New Chinese 7nm GPU rivals Nvidia and AMD for performance,"Shanghai Tianshu Zhixin Semiconductor Co's new 7nm GPU is up and running. 
The new chip is a beast, packing no fewer than 24 billion ...",20 Jan 2021,PC Gamer,https://www.pcgamer.com/new-chinese-7nm-gpu-rivals-nvidia-and-amd-for-performance/
172,semiconductor,china,"China won't meet its chip goals, says IC Insights Electronics ...","In 2020, IC production in China represented 15.9% of its $143.4 billion IC 
market, up from 10.2% 10 years earlier in 2010. IC Insights forecasts ...",7 Jan 2021,Electronics Weekly,https://www.electronicsweekly.com/news/business/china-unlikely-meet-chip-goals-says-ic-insights-2021-01/
173,semiconductor,china,CX Daily: US Chip Industry Group Calls For Rethink Of Trump ...,"A major U.S. semiconductor industry association called on U.S. President 
Joe Biden to reconsider the many restrictions imposed on the sector's ...",28 Jan 2021,Caixin Global,https://www.caixinglobal.com/2021-01-28/cx-daily-us-chip-industry-group-calls-for-rethink-of-trump-era-china-prohibitions-101656835.html
174,semiconductor,china,Intel in talks to outsource chip production to TSMC,"Intel Corp has talked with Taiwan Semiconductor Manufacturing Co (TSMC, 
台積電) and Samsung Electronics Co about the Asian companies making ...",11 Jan 2021,Taipei Times,https://www.taipeitimes.com/News/biz/archives/2021/01/11/2003750322
175,semiconductor,china,Semiconductor shortage pressures Japan's car output,"China's capital Beijing is promoting hydrogen fuel cell vehicles in 
response to the country's carbon reduction targets. Filter: Metals Asia- ...",15 Jan 2021,Argus Media,https://www.argusmedia.com/en/news/2177310-semiconductor-shortage-pressures-japans-car-output
176,semiconductor,china,Intel Ousts CEO Bob Swan,"Intel has fallen behind Taiwan Semiconductor Manufacturing Co. and South 
... in chip-making, in a tech Cold War playing out against China.",13 Jan 2021,The Wall Street Journal,https://www.wsj.com/articles/intel-ceo-bob-swan-steps-down-11610548665
177,semiconductor,china,US Defense Department blacklists 9 more Chinese ...,"... a global semiconductor micro-fabrication equipment company; Grand China 
Air Company, a Chinese airline company; Luokong Technology ...",16 Jan 2021,Jurist.org,https://www.jurist.org/news/2021/01/us-defense-department-blacklists-9-more-chinese-companies-with-alleged-military-links/
178,semiconductor,china,"US Divestiture Of Executive Order Banned Stocks To Benefit Mainland 
Investors, Asset Managers","The Hang Seng Index gained +1.32% while the Chinese companies listed in ... 
today with China Mobile, Tencent, Semiconductor Manufacturing, ...",12 Jan 2021,Forbes,https://www.forbes.com/sites/brendanahern/2021/01/12/us-divestiture-of-executive-order-banned-stocks-to-benefit-mainland-investors-asset-managers/
179,semiconductor,china,The next wave of globalization: Asia in the cockpit,"He pledged to slash the country's trade deficit with China by forcing it 
... Meanwhile, the blacklisting of Chinese chipmaker Semiconductor ...",13 Jan 2021,Nikkei Asia,https://asia.nikkei.com/Spotlight/The-Big-Story/The-next-wave-of-globalization-Asia-in-the-cockpit
180,semiconductor,china,"Covid Pandemic Slows Down Chipmakers, Causes Car ...","When buyers came back, the auto industry didn't have enough semiconductors. 
Chip foundries were busy supplying gadget makers.",27 Jan 2021,Bloomberg.com,https://www.bloomberg.com/news/articles/2021-01-27/covid-pandemic-slows-down-chipmakers-causes-car-shortage
181,semiconductor,china,Better Buy: Advanced Micro Devices (AMD) vs. Taiwan Semiconductor (TSMC),"New restrictions against the Chinese tech giant Huawei, which relied on 
TSMC to produce its in-house chips, exacerbated the pain. Despite all ...",13 Jan 2021,The Motley Fool,https://www.fool.com/investing/2021/01/13/better-buy-amd-vs-tsmc/
182,semiconductor,china,Plaza Accord II: Currency a catalyst for US-China deal?,"But the China of 2021 isn't the Japan of 1985, and China has its own ... No 
semiconductor company can survive without sales to China, ...",31 Jan 2021,Asia Times,https://asiatimes.com/2021/01/plaza-accord-ii-currency-a-catalyst-for-us-china-deal/
183,semiconductor,china,Breakingviews - Taiwan's tech edge will cushion U.S. policy tumult,"Taiwan Semiconductor Manufacturing is leading a rebound in the ... 
benefited from fresh U.S.-China tensions under President Donald Trump.",13 Jan 2021,Reuters,https://www.reuters.com/article/us-usa-taiwan-breakingviews-idUSKBN29J0AF
184,semiconductor,china,WPG to build last mile in semiconductor supply chain at ...,"WPG has first ""practiced"" from the Hong Kong warehouse and completed smart 
warehousing 1.0, Yeh said. Its operations in southern China serves ...",27 Jan 2021,DigiTimes,https://www.digitimes.com/news/a20210126PD215.html
185,semiconductor,china,Report: Huawei planning world's first 3-nanometer mobile ...,"China's Huawei Technology Co. ... are other Chinese firms such as 
Semiconductor Manufacturing International Corp. and Hua Hong 
Semiconductor ...",3 Jan 2021,SiliconANGLE,https://siliconangle.com/2021/01/03/report-huawei-planning-worlds-first-3nm-mobile-chipset/
186,semiconductor,china,"China overtakes US as world’s leading destination for foreign direct 
investment","China overtook the U.S. as the world's top destination for new foreign ... 
Seoul Semiconductor Co., a South Korean chip maker with extensive ...",25 Jan 2021,Mint,https://www.livemint.com/news/world/china-overtakes-us-as-world-s-leading-destination-for-foreign-direct-investment-11611543918948.html
187,semiconductor,china,Global Semiconductor Revenues Rebound in 2020: 5 Winners,"Also, microchip demand got a boost from the 5G boom in Europe and parts of 
Asia, including China and Singapore.",19 Jan 2021,Yahoo Finance,https://finance.yahoo.com/news/global-semiconductor-revenues-rebound-2020-121312761.html
188,semiconductor,china,Japan Chip Sector Boosted by Report TSMC to Build Tokyo ...,"Stocks involved in Japan's semiconductor supply chain jumped in Tokyo ... 
national security implications amid U.S.-China confrontation over ...",5 Jan 2021,Bloomberg.com,https://www.bloomberg.com/news/articles/2021-01-05/japan-chip-sector-boosted-by-report-tsmc-to-build-tokyo-facility
189,semiconductor,china,Honor CEO says no longer restrained by US sanctions on Huawei,"Huawei moves into smart vehicles as US sanctions stymie 5G and 
semiconductor ambitions · US-China tech war: moment of truth looms for 
ex-Huawei ...",27 Jan 2021,South China Morning Post,https://www.scmp.com/tech/gear/article/3119278/honor-ceo-speaks-out-unburdened-us-sanctions-huawei-budget-smartphone
190,semiconductor,china,The Danger of Exaggerating China’s Technological Prowess,"The conventional wisdom about China's supposed advantages in AI and 5G 
shows ... But the drivers of 5G's evolution will be semiconductors, ...",8 Jan 2021,The Wall Street Journal,https://www.wsj.com/articles/the-danger-of-exaggerating-chinas-technological-prowess-11610117786
191,semiconductor,china,When will truck makers feel the sting of semiconductor shortage?,"SMIC is China's largest contract chipmaker. Semiconductor companies 
diverted production to consumer electronics during the worst of the 
COVID-19 ...",11 Jan 2021,FreightWaves,https://www.freightwaves.com/news/when-will-truck-makers-feel-the-sting-of-semiconductor-shortage
192,semiconductor,china,Common Values and Interests | US-China Institute,"In 2019, the U.S. trailed only China in imports from Taiwan ... of 
semiconductors, serving and selling to giant American and Chinese firms.",21 Jan 2021,USC U.S.-China Institute,https://china.usc.edu/common-values-and-interests
193,semiconductor,china,China Demand Lifts Japan's Exports to First Gain Since 2018,"Exports of semiconductor equipment increased about 10%, accounting for a 
fifth of the overall advance. Vehicle shipments dropped 4.2%. The trade ...",20 Jan 2021,Bloomberg.com,https://www.bloomberg.com/news/articles/2021-01-20/japanese-exports-gain-for-first-time-in-more-than-two-years
194,semiconductor,china,What Will the US-China Relationship Look Like in the Biden ...,"The difference with the U.S. is stark: While in China, the virus has been 
... pressure points in core technologies, such as semiconductors.",7 Jan 2021,Harvard Business Review,https://hbr.org/2021/01/what-will-the-u-s-china-relationship-look-like-in-the-biden-era
195,semiconductor,china,"Apple sees revenue growth accelerating after setting record for iPhone 
sales, China strength","China proved a strong market for iPhone, with overall sales there ... He 
said that “semiconductors are very tight” but that other areas of ...",27 Jan 2021,Reuters,https://www.reuters.com/article/us-apple-results-idUSKBN29W2TD
196,semiconductor,china,"China Retaliates Against U.S. Export Restrictions, Adopts New ...","On Saturday, China announced new rules banning Chinese firms and ... to 
dozens of Chinese companies, including semiconductor and drone ...",14 Jan 2021,JD Supra,https://www.jdsupra.com/legalnews/china-retaliates-against-u-s-export-9612488/
197,semiconductor,china,A fab future for the automotive sector | Article,"A shortage of semiconductors is hampering global automotive ... The US has 
about 10% share, while China has almost 14% and Japan has 16%.",29 Jan 2021,Automotive Logistics,https://www.automotivelogistics.media/digital-technology/a-fab-future-for-the-automotive-sector/41510.article
198,semiconductor,china,China sanctions 28 Trump associates minutes after Biden’s inauguration,"1.4 billion doses later, China is realizing it may need mRNA COVID 
vaccines; Biden administration sounds the alarm on the semiconductor 
crisis ...",21 Jan 2021,Fortune,https://fortune.com/2021/01/21/china-sanctions-trump-biden-inauguration/
199,semiconductor,china,Xiaomi sues to overturn Trump’s investment ban of its shares,"The US Department of Defence (DOD) designation of Xiaomi's affiliation with 
the People's Liberation Army (PLA) of China is ...",30 Jan 2021,South China Morning Post,https://www.scmp.com/tech/big-tech/article/3119887/xiaomi-sues-us-court-overturn-donald-trumps-ban-investing-worlds
200,semiconductor,china,"22 Ways to Invest in the Future, According to Barron’s Roundtable","Second, China regards ASML and TSMC as the only two companies it can't 
replace. Demand for semiconductors is growing in both the short run ...",29 Jan 2021,Barron's,https://www.barrons.com/articles/22-ways-to-invest-in-the-future-according-to-barrons-roundtable-51611966768
201,semiconductor,china,Chips are in hot demand—and that’s a problem,"The chip shortage has caused prices to rise for certain semiconductors, 
delays in filling orders and auto makers to idle factories. If the ...",16 Jan 2021,Mint,https://www.livemint.com/technology/tech-news/chips-are-in-hot-demand-and-that-s-a-problem-11610731545599.html
202,semiconductor,china,Volkswagen looks to claim damages from suppliers over chip ...,"... of semiconductors, which in some cases have been exacerbated by the 
former Trump administration's actions against key Chinese chip ...",24 Jan 2021,Reuters,https://www.reuters.com/world/asia-pacific/volkswagen-looks-claim-damages-suppliers-over-chip-shortages-2021-01-24/
203,semiconductor,china,"Volkswagen says China car sales, production hit by chip supply shortage","Volkswagen is the biggest foreign automaker in China, the world's biggest 
car ... production this month due to a shortage of semiconductors.",19 Jan 2021,Reuters,https://www.reuters.com/article/us-volkswagen-china-chip-idUSKBN29P07X
204,semiconductor,china,Oil giant Sinopec teams up with solar firms to work on hydrogen projects,"Fossil fuel energy giant China Petrochemical Corp ( ... Trina Solar, Longi 
Group and Shenzhen-listed Tianjin Zhonghuan Semiconductor, ...",8 Jan 2021,South China Morning Post,https://www.scmp.com/business/companies/article/3116978/fossil-fuel-giant-sinopec-teams-solar-firms-green-hydrogen
205,semiconductor,china,Xiaomi Sues U.S. Seeking to Reverse Investment Ban,"Chinese chipmaking giant Semiconductor Manufacturing International Corp., 
Shenzhen-based drone maker SZ DJI Technology Co. are also among ...",29 Jan 2021,Bloomberg.com,https://www.bloomberg.com/news/articles/2021-01-30/xiaomi-sues-u-s-seeking-to-reverse-investment-ban
206,semiconductor,china,Automakers forced to cut production amid global shortage of computer chips,"President Donald Trump's ongoing trade war with China hasn't helped, 
either. Restrictions announced last year on Semiconductor Manufacturing ...",14 Jan 2021,NBC News,https://www.nbcnews.com/business/autos/automakers-forced-cut-production-amid-global-shortage-computer-chips-n1254311
207,semiconductor,china,How Biden's Economic Team Views China Trade Policy,"... Submit a Story · USCBC Podcasts. China Business Review ... 
Semiconductor Self-Sufficiency: MIIT's Ambitions for 2021 and Beyond ...",14 Jan 2021,China Business Review,https://www.chinabusinessreview.com/how-bidens-economic-team-views-china-trade-policy/
208,semiconductor,china,Can Semiconductor Stocks & ETFs Keep Soaring in 2021?,"The PHLX Semiconductor Index has been up 57.3% and the Dow Jones U.S. ... 
6.5% and 5.1% year on year in the Americas, China, Asia Pacific, ...",11 Jan 2021,Nasdaq,https://www.nasdaq.com/articles/can-semiconductor-stocks-etfs-keep-soaring-in-2021-2021-01-11
209,semiconductor,china,Apple authorizes China's first independent repair service,"BEIJING -- Hiweixiu, a Chinese provider of smartphone repair services, 
became Apple's first independent repair provider in China, ...",26 Jan 2021,Nikkei Asia,https://asia.nikkei.com/Business/36Kr-KrASIA/Apple-authorizes-China-s-first-independent-repair-service
210,semiconductor,china,South Korean Exporters Increasingly Relying on Chinese Market,"The semiconductor exports to China increased 6.9 percent last year. In 
addition, synthetic resin and steel exports rose 6.9 percent and 4.2 ...",20 Jan 2021,Business Korea,http://www.businesskorea.co.kr/news/articleView.html?idxno=58828
211,semiconductor,china,Highlights of the day: Pricing pressure mounting from ...,"But for China-based foundry house SMIC, which is on a US export blacklist, 
pricing may be a lesser concern than availability.",7 Jan 2021,DigiTimes,https://www.digitimes.com/news/a20210107VL200.html
212,semiconductor,china,Global Semiconductor Sales Increase 7 Percent Year-to-Year ...,"4, 2021—The Semiconductor Industry Association (SIA) today announced ... 
China (6.5 percent), Asia Pacific/All Other (6.5 percent), ...",4 Jan 2021,Design And Reuse,https://www.design-reuse.com/news/49238/global-semiconductor-sales-november-2020.html
213,semiconductor,china,Tencent Joins $278.5M Funding Round for Chinese High ...,"Chinese tech giant Tencent has helped fund a $278.5 million funding ... 
including blacklisting China's largest semiconductor company, SMIC.",7 Jan 2021,Voicebot.ai,https://voicebot.ai/2021/01/07/tencent-joins-278-5m-funding-round-for-chinese-high-powered-ai-chip-developer-enflame/
214,semiconductor,china,"Not Just Manufactured Items, China Wants To Focus On Home-Grown Seeds","China has for the first time stressed on the need to strengthen the 
homegrown seed ... Seeds have been dubbed as the ""semiconductor microchips"" 
of the ...",28 Jan 2021,Outlook Krishi,https://krishi.outlookindia.com/story/world-news-not-just-manufactured-items-china-wants-to-focus-on-home-grown-seeds/371333
215,semiconductor,china,Taiwan Chipmaker TSMC Revenues Hit Record High In 2020; Stocks Follow,"Taiwan Semiconductor Manufacturing Co., the world's biggest contract 
chipmaker and a bellwether for the tech industry, has reported record ...",11 Jan 2021,Forbes,https://www.forbes.com/sites/ralphjennings/2021/01/11/taiwan-chipmaker-tsmc-revenues-hit-record-high-in-2020-stocks-follow/
216,semiconductor,china,Intel CEO's New Manufacturing Crusade Pits Investors Against ...,"... to keep most of Intel's semiconductor production in-house. ... and the 
U.S. China is the biggest consumer of semiconductors and the ...",24 Jan 2021,Supply Chain Brain,https://www.supplychainbrain.com/articles/32479-intel-ceos-new-manufacturing-crusade-pits-investors-against-us-interests
217,semiconductor,china,"Chinese Battery Leader CATL Makes Vast Investments In EVs, Self-Driving And 
Chips","At the same time, CATL has invested in new energy vehicles, autonomous 
driving, travel, semiconductors and other fields.",26 Jan 2021,China Money Network,https://www.chinamoneynetwork.com/2021/01/26/chinese-battery-leader-catl-makes-vast-investments-in-evs-self-driving-and-chips
218,semiconductor,china,A Year of Poor Planning Led to Carmakers' Massive Chip ...,"A further squeeze to the global supply was caused by the Trump 
administration blacklisting China's Semiconductor Manufacturing 
International ...",21 Jan 2021,Supply Chain Brain,https://www.supplychainbrain.com/articles/32464-a-year-of-poor-planning-led-to-carmakers-massive-chip-shortage
219,semiconductor,china,"8 Top Stocks Will Soar Again In 2021, Analysts Say","You're Holding The Bag For $750 Billion Lost On Chinese Stocks · Stock 
Picks: Nvidia, Facebook Reveal 7 Telltale Traits Of Top Stocks To Buy ...",13 Jan 2021,Investor's Business Daily,https://www.investors.com/etfs-and-funds/sectors/sp500-top-stocks-analysts-say-will-soar-again-2021/
220,semiconductor,china,"KLM to cut 1000 more jobs, says mandatory COVID-19 testing ...","China's planned anti-sanctions law for Hong Kong unsettles financial sector 
... COVID-fuelled semiconductor crunch chips away at carmakers.",21 Jan 2021,Reuters,https://www.reuters.com/business/autos-transportation/klm-cut-1000-more-jobs-protests-against-mandatory-covid-19-testing-2021-01-21/
221,semiconductor,china,Invention-Con | USPTO,"International affairs; IP Attaché Program · IP in China · IPR toolkits ... 
business methods, semiconductors, and optical systems.",21 Jan 2021,United States Patent and Trademark Office,https://www.uspto.gov/about-us/events/invention-con-event-series
222,semiconductor,china,"Los precios de los componentes electrónicos seguirán subiendo en 2021, esta 
es la razón","El mayor fabricante de chips del mundo, Taiwan Semiconductor ... Según el 
sitio web Gizmo China, otras fábricas de chips como UMC y VIS han ...",5 Jan 2021,HD Tecnología,https://www.hd-tecnologia.com/los-precios-de-los-componentes-electronicos-seguiran-subiendo-en-2021-esta-es-la-razon/
223,semiconductor,china,Global Wireless Charging Integrated Circuit (IC) Market ...,"On Semiconductor, ROHM Semiconductor, Texas Instruments, Qualcomm, Toshiba 
Corporation, MediaTek Inc, NXP Semiconductors, Broadcom Corporation, ...",24 Jan 2021,Murphy's Hockey Law,https://murphyshockeylaw.net/uncategorized/1438492/global-wireless-charging-integrated-circuit-ic-market-analysis-by-product-type-applications-company-profile-2020/
224,semiconductor,china,Yediyurappa pummels Thackeray on Karnataka-Maharashtra ...,"COVID-19 vaccine update | China's Sinovac Biotech vaccine is just 50% 
effective, say Brazil researchers. January 13, 2021 7:21 AM CST.",18 Jan 2021,Semiconductors Industry,https://semiconductorsindustry.com/2021/01/18/yediyurappa-pummels-thackeray-on-karnataka-maharashtra-line-contest/1019/
225,semiconductor,china,"Organic Corn Market Share, Insights By Size, Vendor ...","... Europe, Japan, China and other countries (India, Southeast Asia, ... 
Telecom, Semiconductor, Chemical, Healthcare, Pharmaceutical, ...",20 Jan 2021,Murphy's Hockey Law,https://murphyshockeylaw.net/uncategorized/1244783/organic-corn-market-share-insights-by-size-vendor-landscape-with-swot-analysis-2021-to-2026non-gmo-sourcebook-sunopta-inc-clarkson-grain-millers-inc/
226,semiconductor,china,"Solar Panel Recycling Market Share, Trends, Forecast 2027","China with the highest number of PV installations as well as production ... 
Though silicon semiconductors have a relatively small amount of ...",29 Jan 2021,"Guides,Business,Reviews and Technology",https://knnit.com/solar-panel-recycling-market-share-trends-forecast-2027/
227,semiconductor,china,"Know in depth Organic Corn Market Demand, Opportunities ...","... Mexico], Europe [Germany, UK, France, Italy, Rest of Europe], 
Asia-Pacific [China, India, Japan, South Korea, Southeast Asia, 
Australia, ...",22 Jan 2021,Murphy's Hockey Law,https://murphyshockeylaw.net/news/1313720/know-in-depth-organic-corn-market-demand-opportunities-forecast-to-2027-marroquin-organic-international-inc-organic-partners-international/
